NAME,NAMELSAD,wui_area,cdp_area,pct_wui_area
Acalanes Ridge,Acalanes Ridge CDP,1139219.82383312,1193569,95
Acton,Acton CDP,80354431.29431997,101679451,79
Adelanto,Adelanto city,19590828.564870752,136923866,14.000000000000002
Adin,Adin CDP,3837125.629841296,7587701,51
Agoura Hills,Agoura Hills city,13995952.752943685,20189517,69
Agua Dulce,Agua Dulce CDP,44017788.13996309,59181047,74
Aguanga,Aguanga CDP,24079102.48133707,35222110,68
Ahwahnee,Ahwahnee CDP,28328638.920558523,29896182,95
Alamo,Alamo CDP,23256938.59729027,25422415,91
Albany,Albany city,412761.1581092489,4636032,9
Albion,Albion CDP,4701873.652392692,4701873,100
Alderpoint,Alderpoint CDP,1044302.2708913003,6288254,17
Alhambra Valley,Alhambra Valley CDP,2852442.941080794,4181518,68
Aliso Viejo,Aliso Viejo city,10107590.521548098,17937313,56.00000000000001
Alleghany,Alleghany CDP,690674.3817582253,904298,76
Allendale,Allendale CDP,15685396.246602263,15892908,99
Almanor,Almanor CDP,107600.03073213482,2287751,5
Alpine,Alpine CDP,45791460.2717296,69374324,66
Alpine Village,Alpine Village CDP,6887100.58958486,10569744,65
Alta,Alta CDP,6173301.578658545,6173301,100
Alta Sierra,Alta Sierra CDP,22746334.29884263,21551268,106
Altadena,Altadena CDP,18837271.553798996,21925894,86
Alto,Alto CDP,288521.72109532176,325686,89
Alturas,Alturas city,6144120.591951574,7345639,84
Alum Rock,Alum Rock CDP,1537498.4839010402,2250531,68
Amador City,Amador City city,792988.7149917373,801747,99
Amador Pines,Amador Pines CDP,11931679.381294748,12561595,95
American Canyon,American Canyon city,9713577.47305062,15763118,62
Amesti,Amesti CDP,5709335.812113512,7612130,75
Anaheim,Anaheim city,18107930.481481582,130206498,14.000000000000002
Anchor Bay,Anchor Bay CDP,9065163.144226238,9097805,100
Anderson,Anderson city,12883197.804456785,18210820,71
Angels,Angels city,7891706.129079121,9407811,84
Angwin,Angwin CDP,11029468.495473769,12507052,88
Antelope,Antelope CDP,552980.6139197223,17705728,3
Antioch,Antioch city,33704951.72985918,75552859,45
Anza,Anza CDP,48005234.448443994,71470883,67
Apple Valley,Apple Valley town,116178976.82134861,199444691,57.99999999999999
Aptos,Aptos CDP,14362279.111709462,17037116,84
Aptos Hills-Larkin Valley,Aptos Hills-Larkin Valley CDP,23258701.14710034,23984497,97
Arcadia,Arcadia city,8313055.562827965,28300749,28.999999999999996
Arcata,Arcata city,14516997.382466506,24399923,59
Arnold,Arnold CDP,19912600.540271487,23482385,85
Aromas,Aromas CDP,12163044.827984639,12263807,99
Arroyo Grande,Arroyo Grande city,13302969.714339737,15382200,86
Ashland,Ashland CDP,40290.33317081302,4772238,1
Aspen Springs,Aspen Springs CDP,1744960.5443729204,9287926,19
Atascadero,Atascadero city,61197903.63361217,67524871,91
Atherton,Atherton town,3106633.797798315,12991701,24
Auberry,Auberry CDP,59717190.759720705,120251753,50
Auburn,Auburn city,14667380.486660162,18588528,79
Auburn Lake Trails,Auburn Lake Trails CDP,30165495.131122492,32963739,92
Avalon,Avalon city,3750654.6126397895,7473920,50
Avenal,Avenal city,9992144.62344096,50459974,20
Avery,Avery CDP,3552038.491065632,5449102,65
Avila Beach,Avila Beach CDP,11565547.961848773,15766061,73
Avocado Heights,Avocado Heights CDP,4675156.711987168,5829186,80
Azusa,Azusa city,11864850.445018377,25022011,47
Baker,Baker CDP,2094557.547788864,6961528,30
Bakersfield,Bakersfield city,44604169.989156514,387916575,11
Bakersfield Country Club,Bakersfield Country Club CDP,1963095.8898073763,1963093,100
Ballard,Ballard CDP,7185009.158724212,7236936,99
Bangor,Bangor CDP,17196689.94251284,34765044,49
Banning,Banning city,32427030.781500548,60183802,54
Barstow,Barstow city,37296037.392330736,106964252,35
Bass Lake,Bass Lake CDP,2255761.1831614,4874800,46
Bay Point,Bay Point CDP,8577111.55580981,16643645,52
Bayview,Bayview CDP,1893289.0557038928,1895402,100
Baywood Park,Baywood Park CDP,1251545.8910974169,1421591,88
Beale AFB,Beale AFB CDP,10081920.159888212,26139571,39
Bear Valley,Bear Valley CDP,5731562.944444644,13352822,43
Bear Valley Springs,Bear Valley Springs CDP,63681363.15255232,100685639,63
Beaumont,Beaumont city,42061021.25064331,78521803,54
Beckwourth,Beckwourth CDP,18933188.137675017,30257790,63
Belden,Belden CDP,508303.51235613495,1578657,32
Bell Canyon,Bell Canyon CDP,6812318.883311797,9428673,72
Bella Vista,Bella Vista CDP,48333546.01374927,68485004,71
Belmont,Belmont city,4844548.785140565,11990538,40
Ben Lomond,Ben Lomond CDP,17719810.10657782,21674901,82
Benbow,Benbow CDP,5376852.369414101,12641980,43
Bend,Bend CDP,5661417.162408937,7548202,75
Benicia,Benicia city,9854385.9931194745,33185400,30
Benton,Benton CDP,6008731.763143293,73732744,8
Berkeley,Berkeley city,8789937.118899431,27018309,33
Berry Creek,Berry Creek CDP,53689376.84103092,147940054,36
Bertsch-Oceanview,Bertsch-Oceanview CDP,7965405.129513471,13727497,57.99999999999999
Bieber,Bieber CDP,152299.50076613174,8944480,2
Big Bear City,Big Bear City CDP,30658683.162765745,82917622,37
Big Bear Lake,Big Bear Lake city,15155238.01936925,16164304,94
Big Bend,Big Bend CDP,1175243.9369017351,14852515,8
Big Creek,Big Creek CDP,151089.51498310553,1191495,13
Big Lagoon,Big Lagoon CDP,1459534.2660670336,1573136,93
Big Pine,Big Pine CDP,2252495.1125610443,7636605,28.999999999999996
Big River,Big River CDP,14609089.210494248,28050915,52
Bishop,Bishop city,1468293.3838206772,4827233,30
Black Point-Green Point,Black Point-Green Point CDP,4485738.36682176,7322458,61
Blackhawk,Blackhawk CDP,13822174.458054837,14958249,92
Blacklake,Blacklake CDP,1263758.5503894906,2707660,47
Blairsden,Blairsden CDP,401774.88134684594,1402709,28.999999999999996
Bloomfield,Bloomfield CDP,7721273.305453434,21076160,37
Bloomington,Bloomington CDP,10754764.29960838,15726088,68
Blue Lake,Blue Lake city,969918.4744986902,1537386,63
Bluewater,Bluewater CDP,1382740.5491466806,2711814,51
Blythe,Blythe city,3001240.367944697,68849468,4
Bodega,Bodega CDP,4831263.184755435,7515783,64
Bodega Bay,Bodega Bay CDP,10374321.052579047,21612540,48
Bodfish,Bodfish CDP,11182143.435248666,21273286,53
Bolinas,Bolinas CDP,7496475.383281808,15090532,50
Bonadelle Ranchos,Bonadelle Ranchos CDP,18183888.50453,23343618,78
Bonita,Bonita CDP,3688660.875041798,12993682,28.000000000000004
Bonny Doon,Bonny Doon CDP,31883321.627259552,42898133,74
Bonsall,Bonsall CDP,31991149.543817513,35286264,91
Boonville,Boonville CDP,10834581.060245665,14355353,75
Bootjack,Bootjack CDP,9737989.679531028,9924991,98
Boron,Boron CDP,6294858.409200543,35516742,18
Borrego Springs,Borrego Springs CDP,15976048.967939705,112422778,14.000000000000002
Boulder Creek,Boulder Creek CDP,15760725.201328795,19456234,81
Boulevard,Boulevard CDP,9410931.57533265,10115840,93
Boyes Hot Springs,Boyes Hot Springs CDP,2736057.9703434072,2746385,100
Bradbury,Bradbury city,4525977.822455817,5084268,89
Bradley,Bradley CDP,215012.76632508988,222711,97
Brea,Brea city,16579107.472526917,31513797,53
Brentwood,Brentwood city,16517947.24899865,38501266,43
Bridgeport,Bridgeport CDP,3190691.3769403,56306218,6
Brisbane,Brisbane city,2196033.257548924,7731718,28.000000000000004
Broadmoor,Broadmoor CDP,716344.5825365238,1118795,64
Brookdale,Brookdale CDP,8097734.601601933,9963087,81
Brooktrails,Brooktrails CDP,18835638.869019117,18835634,100
Buck Meadows,Buck Meadows CDP,562089.1805540683,1386273,41
Buckhorn,Buckhorn CDP,11737584.873791007,12772523,92
Bucks Lake,Bucks Lake CDP,5083007.300142591,26784856,19
Buellton,Buellton city,3352580.8256161427,4097750,82
Buena Vista,Buena Vista CDP,3640458.3533166978,4370822,83
Burbank,Burbank city,19604319.56226079,44848115,44
Burlingame,Burlingame city,3278430.573691259,11378104,28.999999999999996
Burney,Burney CDP,10282870.931373274,13915869,74
Burnt Ranch,Burnt Ranch CDP,8757265.447782211,34655000,25
Butte Creek Canyon,Butte Creek Canyon CDP,13403618.661353474,53133631,25
Butte Meadows,Butte Meadows CDP,3092216.8040506793,5554035,56.00000000000001
Butte Valley,Butte Valley CDP,25347101.368337844,47368451,54
Byron,Byron CDP,8059398.724131661,16889207,48
C-Road,C-Road CDP,5174730.195867717,6891297,75
Cabazon,Cabazon CDP,5975493.202781537,12672881,47
Calabasas,Calabasas city,24465070.99411597,35502601,69
Calexico,Calexico city,325610.57916092436,22324358,1
California City,California City city,30995987.179333232,527349258,6
California Hot Springs,California Hot Springs CDP,1394239.3207792775,2334885,60
California Pines,California Pines CDP,13426731.240925798,19236734,70
California Polytechnic State University,California Polytechnic State University CDP,780500.6478885228,3986949,20
Calimesa,Calimesa city,26015966.281734206,38481124,68
Calistoga,Calistoga city,6334320.812233635,6673845,95
Callender,Callender CDP,4670068.959503948,5921649,79
Calpella,Calpella CDP,5349439.883633793,6598677,81
Calpine,Calpine CDP,1690208.4144827172,1838557,92
Camanche North Shore,Camanche North Shore CDP,5797742.486812408,6039084,96
Camanche Village,Camanche Village CDP,14003487.737589769,14082639,99
Camarillo,Camarillo city,14197167.731999492,50986168,28.000000000000004
Cambria,Cambria CDP,9795851.067872703,21803724,45
Cameron Park,Cameron Park CDP,25023781.46895051,29078546,86
Camino,Camino CDP,6584077.104363134,6659897,99
Camino Tassajara,Camino Tassajara CDP,3305044.0877429945,3305050,100
Camp Nelson,Camp Nelson CDP,1321957.9241577026,3207672,41
Camp Pendleton Mainside,Camp Pendleton Mainside CDP,5159150.743556302,27834793,19
Camp Pendleton South,Camp Pendleton South CDP,13299200.270819264,17990420,74
Campo,Campo CDP,30501117.407988865,60877895,50
Camptonville,Camptonville CDP,1607417.3551127044,2221241,72
Canby,Canby CDP,1719375.6516219103,5933540,28.999999999999996
Canyon Lake,Canyon Lake city,6004962.480585396,10150943,59
Canyondam,Canyondam CDP,552865.972759342,1985597,28.000000000000004
Capitola,Capitola city,608927.2622569639,4129576,15
Carlsbad,Carlsbad city,25037005.094681777,97832258,26
Carmel Valley Village,Carmel Valley Village CDP,38628069.445159934,49166228,79
Carmel-by-the-Sea,Carmel-by-the-Sea city,2418380.104764535,2748715,88
Carmet,Carmet CDP,702542.951968704,742472,95
Carnelian Bay,Carnelian Bay CDP,2680813.9621263077,3364143,80
Carpinteria,Carpinteria city,4328857.947834816,6704026,65
Carrick,Carrick CDP,122049.15477402956,152301,80
Cartago,Cartago CDP,1214319.0466367106,3028826,40
Casa Conejo,Casa Conejo CDP,1220056.6252354325,1221471,100
Casa de Oro-Mount Helix,Casa de Oro-Mount Helix CDP,2359474.271408618,17743954,13
Casmalia,Casmalia CDP,433975.72311684233,433975,100
Caspar,Caspar CDP,5594202.775505896,7748981,72
Cassel,Cassel CDP,2974024.723920613,5246417,56.99999999999999
Castaic,Castaic CDP,16941422.674031496,18807882,90
Castella,Castella CDP,2469441.8625050685,2898121,85
Castle Hill,Castle Hill CDP,502284.12007770373,1513889,33
Castro Valley,Castro Valley CDP,30620354.977188744,43637185,70
Cathedral City,Cathedral City city,7965449.964162894,58259920,14.000000000000002
Catheys Valley,Catheys Valley CDP,14916465.332956258,61148098,24
Cayucos,Cayucos CDP,4409497.288658699,8028952,55.00000000000001
Cazadero,Cazadero CDP,10520349.355258089,18431243,56.99999999999999
Cedar Flat,Cedar Flat CDP,2286560.1399437217,2796525,82
Cedar Ridge,Cedar Ridge CDP,6784965.442294261,20223241,34
Cedar Slope,Cedar Slope CDP,683303.3427861695,746300,92
Cedarville,Cedarville CDP,1216810.6890794607,14095281,9
Centerville,Centerville CDP,18354254.729717743,20886426,88
Chalfant,Chalfant CDP,10673000.466142742,72616470,15
Challenge-Brownsville,Challenge-Brownsville CDP,19413528.36491356,25135642,77
Charleston View,Charleston View CDP,1096291.494162742,1949194,56.00000000000001
Cherokee,Cherokee CDP,3609876.797726276,4533846,80
Cherry Valley,Cherry Valley CDP,18495171.398998942,20772762,89
Chester,Chester CDP,11446992.2629049,18874561,61
Chico,Chico city,31349660.850091346,88423543,35
Chilcoot-Vinton,Chilcoot-Vinton CDP,8557706.113100069,34207854,25
China Lake Acres,China Lake Acres CDP,11127894.223968796,13491529,82
Chinese Camp,Chinese Camp CDP,2302094.9590159534,2325639,99
Chino,Chino city,5975092.132907273,76677037,8
Chino Hills,Chino Hills city,59916222.10342785,115642342,52
Choctaw Valley,Choctaw Valley CDP,2229325.226143978,5885507,38
Chula Vista,Chula Vista city,50364795.489364065,128560729,39
Citrus Heights,Citrus Heights city,66440.69741826315,36820409,0
Claremont,Claremont city,18995919.567496292,34537097,55.00000000000001
Clarksburg,Clarksburg CDP,304107.60287814046,5256094,6
Clay,Clay CDP,17374474.94197138,17496807,99
Clayton,Clayton city,9725752.089368755,9945279,98
Clear Creek,Clear Creek CDP,2458767.8874306935,2934098,84
Clearlake,Clearlake city,21470453.373046022,26235110,82
Clearlake Oaks,Clearlake Oaks CDP,4392266.695864498,5123125,86
Clearlake Riviera,Clearlake Riviera CDP,13668890.14196362,13696201,100
Cleone,Cleone CDP,3132282.413113751,4126679,76
Clio,Clio CDP,621725.2597703876,1514932,41
Clipper Mills,Clipper Mills CDP,2724606.7043480007,4503147,61
Cloverdale,Cloverdale city,5496128.236441389,8120471,68
Clovis,Clovis city,10066231.554495344,65823951,15
Clyde,Clyde CDP,317944.8329502686,364483,87
Coachella,Coachella city,4358304.175845726,77895736,6
Coalinga,Coalinga city,6618399.581212497,17734580,37
Coarsegold,Coarsegold CDP,43898351.38130026,44620400,98
Cobb,Cobb CDP,8489288.615588974,12897761,66
Coffee Creek,Coffee Creek CDP,5642881.457274563,29833225,19
Cohasset,Cohasset CDP,7192894.701116766,64868861,11
Cold Springs,Cold Springs CDP,3839860.5924956743,2526035,152
Coleville,Coleville CDP,3926637.5322706094,49897132,8
Colfax,Colfax city,3079834.525153636,3641506,85
Collierville,Collierville CDP,324723.5176884778,17080884,2
Colma,Colma town,2847817.624390186,4896408,57.99999999999999
Coloma,Coloma CDP,7036648.659411569,8689800,81
Colton,Colton city,21546518.474909082,40273862,54
Columbia,Columbia CDP,12267929.627162976,15439975,79
Comptche,Comptche CDP,2987584.196726436,2987584,100
Concord,Concord city,27794518.621228606,79130630,35
Concow,Concow CDP,13013361.990607452,70981496,18
Contra Costa Centre,Contra Costa Centre CDP,181738.4308953217,1649047,11
Copperopolis,Copperopolis CDP,23204425.276876252,40377349,56.99999999999999
Corning,Corning city,5813331.667432692,9186897,63
Corona,Corona city,47579895.92772371,103445845,46
Coronita,Coronita CDP,1464108.0893006201,1559609,94
Corralitos,Corralitos CDP,23130182.401823293,23273553,99
Corte Madera,Corte Madera town,4901914.855904961,8184887,60
Cotati,Cotati city,3590951.544383964,4854614,74
Coto de Caza,Coto de Caza CDP,16915305.561617967,20200732,84
Cottonwood,Cottonwood CDP,30362779.590378396,34251530,89
Coulterville,Coulterville CDP,938217.691215409,1007403,93
Country Club,Country Club CDP,15959.377903827282,4964750,0
Covelo,Covelo CDP,16399836.045183513,18377116,89
Crane Creek,Crane Creek CDP,958025.2387580599,958026,100
Crescent City,Crescent City city,3063520.3879142324,5085115,60
Crescent Mills,Crescent Mills CDP,6777689.205789969,10985561,62
Crest,Crest CDP,12865652.529968318,16913607,76
Crestline,Crestline CDP,19743921.783787116,36012359,55.00000000000001
Creston,Creston CDP,846617.8682949952,1460395,57.99999999999999
Crockett,Crockett CDP,2307179.9461491485,2751227,84
Cromberg,Cromberg CDP,4151120.902714736,23385108,18
Crowley Lake,Crowley Lake CDP,2767423.5229359963,7475668,37
Cupertino,Cupertino city,12896465.527519533,29338791,44
Cutten,Cutten CDP,2316157.999317176,3318362,70
Cuyama,Cuyama CDP,1174242.4909433378,1174244,100
Dales,Dales CDP,1618445.0432784208,1671161,97
Daly City,Daly City city,7935238.489172006,19783516,40
Dana Point,Dana Point city,7470233.618758098,16804059,44
Danville,Danville town,37968058.74564385,46821256,81
Daphnedale Park,Daphnedale Park CDP,2110831.4355250094,2142441,99
Darwin,Darwin CDP,1028961.130779382,3484705,30
Davenport,Davenport CDP,3047590.0041452115,7367925,41
Day Valley,Day Valley CDP,28776955.379368484,47922346,60
Deer Park,Deer Park CDP,14254847.564265732,14549696,98
Del Dios,Del Dios CDP,1031789.0465466545,1061683,97
Del Monte Forest,Del Monte Forest CDP,4875838.8929891065,20787965,23
Del Rey Oaks,Del Rey Oaks city,931684.6289192378,2730932,34
Delano,Delano city,47901.742035431154,38114812,0
Delleker,Delleker CDP,2350120.8545704605,7164105,33
Derby Acres,Derby Acres CDP,2290868.174562759,9274814,25
Descanso,Descanso CDP,17130344.232225526,49613062,35
Desert Center,Desert Center CDP,6054221.942783025,78799210,8
Desert Edge,Desert Edge CDP,5636106.90877924,5872955,96
Desert Hot Springs,Desert Hot Springs city,25322261.83832298,78402268,32
Desert Shores,Desert Shores CDP,1668404.061593235,1809312,92
Desert View Highlands,Desert View Highlands CDP,934217.156185592,1142187,82
Diablo,Diablo CDP,3471780.73515049,3531932,98
Diablo Grande,Diablo Grande CDP,9542187.974350182,11132191,86
Diamond Bar,Diamond Bar city,28946897.49758627,38514313,75
Diamond Springs,Diamond Springs CDP,42028094.31366245,43097228,98
Dillon Beach,Dillon Beach CDP,2260478.0008533527,7727875,28.999999999999996
Dinuba,Dinuba city,109010.46443656065,16859536,1
Discovery Bay,Discovery Bay CDP,1997230.815600161,14482205,14.000000000000002
Dixon Lane-MeadowCreek,Dixon Lane-MeadowCreek CDP,1317179.4188120894,8701384,15
Dobbins,Dobbins CDP,15895096.343065843,20051346,79
Dogtown,Dogtown CDP,24466959.788837917,33584172,73
Dollar Point,Dollar Point CDP,3944713.3703569886,4234923,93
Dorrington,Dorrington CDP,10069569.647231393,10600543,95
Dorris,Dorris city,1108895.1977197211,1819374,61
Douglas City,Douglas City CDP,14760989.00302222,78799839,19
Downieville,Downieville CDP,1778256.3061986743,8237935,22
Doyle,Doyle CDP,11091889.157925213,15817150,70
Drytown,Drytown CDP,2944412.923269218,8432611,35
Duarte,Duarte city,5380781.52779476,17376396,31
Dublin,Dublin city,27878984.393732112,39442773,71
Ducor,Ducor CDP,96007.94090644336,1442359,7.000000000000001
Dunnigan,Dunnigan CDP,2798328.270372295,13551020,21
Dunsmuir,Dunsmuir city,2273465.6086106854,4155427,55.00000000000001
Durham,Durham CDP,13511847.069965724,211567384,6
Dustin Acres,Dustin Acres CDP,3642792.4275212465,9521683,38
Dutch Flat,Dutch Flat CDP,1515064.2221792531,1534848,99
Eagleville,Eagleville CDP,2525306.0770708853,2525306,100
East Bakersfield,East Bakersfield CDP,16160.111670953227,2038622,1
East Foothills,East Foothills CDP,5499638.755140944,5512919,100
East Hemet,East Hemet CDP,9553647.347927269,13454514,71
East Niles,East Niles CDP,11818795.232800238,14134961,84
East Oakdale,East Oakdale CDP,3373399.793557867,13966924,24
East Orosi,East Orosi CDP,45418.82612717538,642248,7.000000000000001
East Pasadena,East Pasadena CDP,4463.261402528098,3411833,0
East Porterville,East Porterville CDP,5296048.06042031,5496322,96
East Quincy,East Quincy CDP,11125421.302463995,31368457,35
East Richmond Heights,East Richmond Heights CDP,1357749.6043798022,1501846,90
East Shore,East Shore CDP,2696694.8023904576,3063617,88
East Sonora,East Sonora CDP,5729564.147518182,6334625,90
Eastern Goleta Valley,Eastern Goleta Valley CDP,27889713.272979546,42981068,65
Eastvale,Eastvale city,17284999.02230276,32823713,53
Edgewood,Edgewood CDP,2190662.221449078,2656702,82
Edison,Edison CDP,257975.06913497252,2621330,10
Edna,Edna CDP,3020013.6380424774,3158448,96
Edwards AFB,Edwards AFB CDP,3469054.149223726,44377479,8
El Cajon,El Cajon city,6318690.087237966,37579662,17
El Cerrito,El Cerrito CDP,6331013.947444535,6760749,94
El Cerrito,El Cerrito city,8190058.395528914,9509903,86
El Dorado Hills,El Dorado Hills CDP,95863540.07455954,125511003,76
El Granada,El Granada CDP,12440764.748102657,12739545,98
El Monte,El Monte city,788799.5187715078,24752904,3
El Paso de Robles (Paso Robles),El Paso de Robles (Paso Robles) city,24656610.588179417,50894260,48
El Portal,El Portal CDP,2075564.5437585858,4827205,43
El Rancho,El Rancho CDP,55903.57130354892,55904,100
El Rio,El Rio CDP,143265.08396659614,5263067,3
El Sobrante,El Sobrante CDP,26010362.47551289,8019027,324
El Verano,El Verano CDP,2874777.882352384,2964283,97
Eldridge,Eldridge CDP,1685993.8757306605,1688641,100
Elfin Forest,Elfin Forest CDP,4396806.414167515,5243843,84
Elizabeth Lake,Elizabeth Lake CDP,8983488.642088944,16066199,56.00000000000001
Elk Creek,Elk Creek CDP,1845591.1950951677,3820501,48
Elk Grove,Elk Grove city,59103011.18068479,108760535,54
Elkhorn,Elkhorn CDP,8277486.465402795,12440882,67
Elverta,Elverta CDP,9675944.553708425,22900221,42
Emerald Lake Hills,Emerald Lake Hills CDP,2415812.659642964,3061995,79
Encinitas,Encinitas city,8527602.34567621,49353552,17
Escondido,Escondido city,44287694.18444975,96723121,46
Esparto,Esparto CDP,9350144.46126763,11916729,78
Etna,Etna city,1748285.1243676136,1967952,89
Eucalyptus Hills,Eucalyptus Hills CDP,12264993.483706938,12324306,100
Eureka,Eureka city,9438503.113131966,24698637,38
Exeter,Exeter city,1386656.2780704233,6373810,22
Fair Oaks,Fair Oaks CDP,2979723.372397646,28169829,11
Fairbanks Ranch,Fairbanks Ranch CDP,2052555.5717880903,13195969,16
Fairfax,Fairfax town,5438303.588338449,5770768,94
Fairfield,Fairfield city,55049945.04809121,107719392,51
Fairhaven,Fairhaven CDP,538451.2913355755,1682712,32
Fairmead,Fairmead CDP,2031571.8107495294,20018088,10
Fairview,Fairview CDP,6357355.246691559,7703024,83
Fall River Mills,Fall River Mills CDP,6810782.9339607,6859381,99
Fallbrook,Fallbrook CDP,35343542.582434386,45429891,78
Fellows,Fellows CDP,459508.9225586549,1801266,26
Felton,Felton CDP,10047571.797850097,12017049,84
Ferndale,Ferndale city,2690521.6043223464,3105843,87
Fetters Hot Springs-Agua Caliente,Fetters Hot Springs-Agua Caliente CDP,3753057.150617804,3783771,99
Fiddletown,Fiddletown CDP,10102317.340576421,11797057,86
Fieldbrook,Fieldbrook CDP,13449644.85716968,27111305,50
Fields Landing,Fields Landing CDP,258961.9798368689,716672,36
Fillmore,Fillmore city,6115934.791929678,8553766,71
Fish Camp,Fish Camp CDP,695801.1861053813,1036205,67
Florin,Florin CDP,1886512.763450765,22567765,8
Floriston,Floriston CDP,1391995.6362569164,2459249,56.99999999999999
Folsom,Folsom city,22985052.13998528,72210787,32
Fontana,Fontana city,33820633.98273649,111552124,30
Forbestown,Forbestown CDP,9963136.293611074,16250437,61
Ford City,Ford City CDP,3353533.611581989,3974713,84
Forest Meadows,Forest Meadows CDP,8477330.268657267,9749680,87
Forest Ranch,Forest Ranch CDP,23984082.36726159,36089639,66
Foresthill,Foresthill CDP,16220604.663928416,28969105,56.00000000000001
Forestville,Forestville CDP,13099349.766776355,13615411,96
Fort Bidwell,Fort Bidwell CDP,3643543.6872756877,8299175,44
Fort Bragg,Fort Bragg city,4719801.460742473,7508182,63
Fort Dick,Fort Dick CDP,8319658.4210033165,8331464,100
Fort Hunter Liggett,Fort Hunter Liggett CDP,2157203.8564611943,7198561,30
Fort Irwin,Fort Irwin CDP,5160534.461024833,18040432,28.999999999999996
Fort Jones,Fort Jones city,1186472.6571706315,1559876,76
Fort Washington,Fort Washington CDP,235080.95424423512,321161,73
Fortuna,Fortuna city,11683310.094101457,13592673,86
Franklin,Franklin CDP,1361966.5419042907,5454315,25
Frazier Park,Frazier Park CDP,4189802.549439669,13509638,31
Freedom,Freedom CDP,2646696.7102881307,2936119,90
Fremont,Fremont city,53678362.223507956,202832449,26
French Gulch,French Gulch CDP,2371464.966337132,31940354,7.000000000000001
French Valley,French Valley CDP,23831178.66471614,28160802,85
Fresno,Fresno city,11660634.48107647,298304405,4
Friant,Friant CDP,2195455.1541025294,3239537,68
Fullerton,Fullerton city,1840781.7792417826,58065841,3
Fulton,Fulton CDP,860221.1345039157,5047023,17
Garberville,Garberville CDP,4454433.355974511,6940712,64
Garden Farms,Garden Farms CDP,2831738.5192961516,2831739,100
Garey,Garey CDP,610530.2821813048,3275825,19
Garnet,Garnet CDP,12232728.859580284,20419878,60
Gasquet,Gasquet CDP,3941337.071056031,12318649,32
Gazelle,Gazelle CDP,1580137.8473164244,1739436,91
Georgetown,Georgetown CDP,31682733.12572404,39182259,81
Geyserville,Geyserville CDP,8173368.96867049,11690104,70
Gilroy,Gilroy city,24619205.111527547,42826753,56.99999999999999
Glen Ellen,Glen Ellen CDP,3712825.241139241,5438518,68
Glendale,Glendale city,39298914.05962831,78940374,50
Glendora,Glendora city,23244108.382290244,50531742,46
Glennville,Glennville CDP,4240817.994055694,4889260,87
Gold Mountain,Gold Mountain CDP,3774735.848084204,15767571,24
Gold River,Gold River CDP,5262807.031493521,6884489,76
Golden Hills,Golden Hills CDP,25471862.894088622,28267176,90
Goleta,Goleta city,10627681.700556787,20339515,52
Gonzales,Gonzales city,309981.33856445656,4955568,6
Good Hope,Good Hope CDP,27680964.487625048,29096582,95
Goodmanville,Goodmanville CDP,1753841.682397127,1753841,100
Goodyears Bar,Goodyears Bar CDP,1537364.007489228,5309072,28.999999999999996
Goshen,Goshen CDP,19996.897823174342,7292689,0
Graeagle,Graeagle CDP,13184448.721850632,28666635,46
Grand Terrace,Grand Terrace city,8309604.856212803,9072646,92
Granite Bay,Granite Bay CDP,42468602.129483014,55810220,76
Granite Hills,Granite Hills CDP,6154006.303098214,7233804,85
Graniteville,Graniteville CDP,1050392.6119929624,3853000,27
Grass Valley,Grass Valley city,11099700.630634543,13594368,82
Graton,Graton CDP,3345496.9798770538,4090304,82
Greeley Hill,Greeley Hill CDP,29389465.46109543,61850758,48
Green Acres,Green Acres CDP,2959218.5716998787,3626865,82
Green Valley,Green Valley CDP,18856081.692100037,33175008,56.99999999999999
Greenfield,Greenfield city,593384.5819178702,7548415,8
Greenhorn,Greenhorn CDP,1711779.740884914,17381404,10
Greenview,Greenview CDP,3288316.8793173498,3354179,98
Greenville,Greenville CDP,13793518.709573638,20701558,67
Grenada,Grenada CDP,1301567.8935227655,1335962,97
Grizzly Flats,Grizzly Flats CDP,11232278.549635496,17168505,65
Groveland,Groveland CDP,10698195.900077464,24795516,43
Grover Beach,Grover Beach city,5241262.165784152,5988133,88
Guadalupe,Guadalupe city,1276264.598121791,3394103,38
Guerneville,Guerneville CDP,24402346.38788452,25147194,97
Guinda,Guinda CDP,5757935.043036083,7578139,76
Gustine,Gustine city,808542.7370827334,4017008,20
Hacienda Heights,Hacienda Heights CDP,17170319.52126845,28884485,59
Half Moon Bay,Half Moon Bay city,13862885.52569829,16167307,86
Hamilton Branch,Hamilton Branch CDP,2673460.043518376,2811184,95
Happy Camp,Happy Camp CDP,8827116.935147885,31357295,28.000000000000004
Happy Valley,Happy Valley CDP,37770476.399736635,43681146,86
Harbison Canyon,Harbison Canyon CDP,17018003.57866237,26085235,65
Harmony Grove,Harmony Grove CDP,5275976.462125682,7980769,66
Hartland,Hartland CDP,424360.2276769597,599099,71
Hartley,Hartley CDP,11200422.15883794,16763354,67
Hasley Canyon,Hasley Canyon CDP,8648330.898073722,14865474,57.99999999999999
Hat Creek,Hat Creek CDP,10935716.870262986,129532652,8
Hayfork,Hayfork CDP,38039997.68495315,186854161,20
Hayward,Hayward city,23049353.645859152,118669082,19
Healdsburg,Healdsburg city,8969096.503699386,11448706,78
Heber,Heber CDP,163646.30165240227,3718242,4
Hemet,Hemet city,25056145.15014305,75840173,33
Herald,Herald CDP,3637891.06056263,20406216,18
Hercules,Hercules city,10748658.969389053,16608748,65
Herlong,Herlong CDP,332970.5085051652,4320220,8
Hesperia,Hesperia city,72806786.98106818,188241904,39
Hidden Hills,Hidden Hills city,4237405.366780406,4372993,97
Hidden Meadows,Hidden Meadows CDP,16466529.978644885,17061107,97
Hidden Valley Lake,Hidden Valley Lake CDP,17192884.560391895,25433860,68
Highgrove,Highgrove CDP,5381761.143078295,8337489,65
Highland,Highland city,22126590.487046715,48099959,46
Highlands,Highlands CDP,1897186.59544901,3377283,56.00000000000001
Hillcrest,Hillcrest CDP,1229569.5974676518,3569985,34
Hillsborough,Hillsborough town,10390228.778366132,15971441,65
Hiouchi,Hiouchi CDP,1127383.30892463,1501797,75
Hollister,Hollister city,12442363.10475893,20622323,60
Home Gardens,Home Gardens CDP,3619341.2742951144,3910004,93
Homeland,Homeland CDP,9064937.87713743,11058083,82
Homestead Valley,Homestead Valley CDP,55354457.59592628,87686964,63
Honcut,Honcut CDP,4072018.238296109,10970686,37
Hood,Hood CDP,737271.1203207085,816263,90
Hoopa,Hoopa CDP,28853436.38308231,52865786,55.00000000000001
Hopland,Hopland CDP,6766784.000007514,9128964,74
Hornbrook,Hornbrook CDP,2850636.3307808014,3017332,94
Hornitos,Hornitos CDP,2847628.3000305304,2989557,95
Humboldt Hill,Humboldt Hill CDP,8051359.622014937,10762229,75
Hyampom,Hyampom CDP,10154074.821022624,52507399,19
Hydesville,Hydesville CDP,11526226.83156382,19424163,59
Idlewild,Idlewild CDP,1189518.3673409636,1189519,100
Idyllwild-Pine Cove,Idyllwild-Pine Cove CDP,17814964.29378672,35541508,50
Igo,Igo CDP,2308459.2651022016,2632527,88
Imperial,Imperial city,89893.22006630024,16292294,1
Imperial Beach,Imperial Beach city,5165370.198946432,11112520,46
Independence,Independence CDP,3333419.6864247876,12590232,26
Indian Falls,Indian Falls CDP,879074.7956172087,4770041,18
Indian Wells,Indian Wells city,17412741.76472035,37085445,47
Indianola,Indianola CDP,3648286.58323243,3656939,100
Indio,Indio city,6063591.7401918955,86057050,7.000000000000001
Indio Hills,Indio Hills CDP,5779018.200644957,56620987,10
Industry,Industry city,483556.6074351759,30508618,2
Interlaken,Interlaken CDP,19360832.21132939,25391177,76
Inverness,Inverness CDP,9392043.06957175,16575450,56.99999999999999
Inyokern,Inyokern CDP,8935486.341461152,28301165,32
Ione,Ione city,4618275.798451388,11861672,39
Iron Horse,Iron Horse CDP,6084105.921690459,20055716,30
Irvine,Irvine city,42335993.569846235,169930356,25
Irwindale,Irwindale city,1139402.267093538,22853908,5
Jackson,Jackson city,7239612.372765642,9277425,78
Jacumba,Jacumba CDP,3914134.5330022825,15848184,25
Jamestown,Jamestown CDP,6997752.773667932,7776484,90
Jamul,Jamul CDP,33213797.379916575,43597950,76
Janesville,Janesville CDP,48479375.451827854,87578550,55.00000000000001
Jenner,Jenner CDP,4382711.608150165,5463963,80
Johannesburg,Johannesburg CDP,2621612.1581067485,6354495,41
Johnson Park,Johnson Park CDP,2325485.1975346897,2337519,99
Johnstonville,Johnstonville CDP,13504293.302927548,22246440,61
Johnsville,Johnsville CDP,2713978.6469137897,35638914,8
Jones Valley,Jones Valley CDP,16431433.92360534,16659447,99
Joshua Tree,Joshua Tree CDP,62962946.97675006,93463461,67
Julian,Julian CDP,16720065.890579227,20424527,82
Junction City,Junction City CDP,11278507.944117347,68728396,16
June Lake,June Lake CDP,4836299.919447142,26694795,18
Jurupa Valley,Jurupa Valley city,76358939.27788916,111216608,69
Keddie,Keddie CDP,630473.9846368333,1702275,37
Keeler,Keeler CDP,240719.5215818013,2987188,8
Keene,Keene CDP,11009971.878661398,24459682,45
Kelly Ridge,Kelly Ridge CDP,2860174.2807812844,5054047,56.99999999999999
Kelseyville,Kelseyville CDP,7136566.380109633,7471626,96
Kennedy Meadows,Kennedy Meadows CDP,8332918.4149693735,15080914,55.00000000000001
Kensington,Kensington CDP,2379306.082171825,2495981,95
Kentfield,Kentfield CDP,6276478.655702432,7839024,80
Kenwood,Kenwood CDP,11881826.769083127,13381900,89
Kep'el,Kep'el CDP,1003067.1967504272,9442634,11
Kernville,Kernville CDP,11777068.938341927,32727820,36
Keswick,Keswick CDP,4463283.162842214,8747810,51
Kettleman City,Kettleman City CDP,454294.85968277854,546646,83
King City,King City city,2297133.1596632404,9833874,23
Kings Beach,Kings Beach CDP,3555429.1346325506,7403909,48
Kingvale,Kingvale CDP,2218058.61327062,2490334,89
Kirkwood,Kirkwood CDP,3398601.0861066515,11290203,30
Klamath,Klamath CDP,20622201.425358027,44592620,46
Knights Ferry,Knights Ferry CDP,301435.96834455064,414507,73
Knightsen,Knightsen CDP,3638462.263562899,21645449,17
La Ca単ada Flintridge,La Ca単ada Flintridge city,16123346.705435075,22349007,72
La Crescenta-Montrose,La Crescenta-Montrose CDP,8330121.757125381,8878978,94
La Cresta,La Cresta CDP,21302.12767977645,2710186,1
La Grange,La Grange CDP,227147.98065742158,241845,94
La Habra,La Habra city,4560329.571041012,19577662,23
La Habra Heights,La Habra Heights city,8447692.503734585,15951225,53
La Honda,La Honda CDP,7099830.043944466,11022981,64
La Mesa,La Mesa city,2108441.3504509307,23546769,9
La Porte,La Porte CDP,1216422.411533695,11543765,11
La Presa,La Presa CDP,7978381.348099065,14238420,56.00000000000001
La Quinta,La Quinta city,34363452.730401725,91317864,38
La Riviera,La Riviera CDP,427532.58345873095,4920394,9
La Selva Beach,La Selva Beach CDP,7825903.992406769,13718609,56.99999999999999
La Verne,La Verne city,9171072.239849612,21812274,42
Ladera,Ladera CDP,1079429.310664214,1113098,97
Ladera Ranch,Ladera Ranch CDP,11558237.614006158,12807936,90
Lafayette,Lafayette city,31139451.649317093,38912815,80
Laguna Beach,Laguna Beach city,14895500.495946946,23036582,65
Laguna Hills,Laguna Hills city,1297747.356531778,16960505,8
Laguna Niguel,Laguna Niguel city,19333537.10134847,38165702,51
Laguna Woods,Laguna Woods city,2680330.531330513,8655358,31
Lagunitas-Forest Knolls,Lagunitas-Forest Knolls CDP,6608327.627628259,10998147,60
Lake Almanor Country Club,Lake Almanor Country Club CDP,7104822.859735462,7104822,100
Lake Almanor Peninsula,Lake Almanor Peninsula CDP,7268212.292096068,7863269,92
Lake Almanor West,Lake Almanor West CDP,3615840.693169924,5920415,61
Lake Arrowhead,Lake Arrowhead CDP,29652593.571847223,45786322,65
Lake California,Lake California CDP,13313329.671423782,16346691,81
Lake City,Lake City CDP,296341.206919834,15065516,2
Lake Davis,Lake Davis CDP,2828464.6894259257,14080604,20
Lake Don Pedro,Lake Don Pedro CDP,29263492.255166806,47708999,61
Lake Elsinore,Lake Elsinore city,51908370.66290338,99033141,52
Lake Forest,Lake Forest city,10237030.925904052,43288926,24
Lake Hughes,Lake Hughes CDP,7007407.71557995,27494868,25
Lake Isabella,Lake Isabella CDP,14446913.932656419,56239883,26
Lake Los Angeles,Lake Los Angeles CDP,22560304.99657275,25229336,89
Lake Mathews,Lake Mathews CDP,36111324.649871185,41251878,88
Lake Nacimiento,Lake Nacimiento CDP,11865392.036673808,27172014,44
Lake Riverside,Lake Riverside CDP,16518623.8176064,18888592,87
Lake San Marcos,Lake San Marcos CDP,929626.1324370963,4420806,21
Lake Shastina,Lake Shastina CDP,9873419.54612079,10393370,95
Lake Sherwood,Lake Sherwood CDP,8095646.295594313,8125833,100
Lake Wildwood,Lake Wildwood CDP,7500417.736468528,7920376,95
Lake of the Pines,Lake of the Pines CDP,6544358.869924939,6544587,100
Lake of the Woods,Lake of the Woods CDP,3177386.0527251572,9166577,35
Lakehead,Lakehead CDP,3117152.4243764174,12160323,26
Lakeland Village,Lakeland Village CDP,16575707.822189197,22727469,73
Lakeport,Lakeport city,7081433.776175883,7920508,89
Lakeside,Lakeside CDP,14030536.319856796,17944759,78
Lakeview,Lakeview CDP,4759945.568773185,8442803,56.00000000000001
Lancaster,Lancaster city,77377469.62978183,244160144,32
Larkfield-Wikiup,Larkfield-Wikiup CDP,10690713.69612884,13747228,78
Larkspur,Larkspur city,4277282.148657756,7767799,55.00000000000001
Las Flores,Las Flores CDP,4175333.6220935765,6606354,63
Las Lomas,Las Lomas CDP,2685682.1822347613,2685684,100
Laytonville,Laytonville CDP,12457613.474104244,13908641,90
Le Grand,Le Grand CDP,2236462.0603503473,2953204,76
Lebec,Lebec CDP,16959286.909131885,39689131,43
Lee Vining,Lee Vining CDP,1762518.7672371,13483686,13
Leggett,Leggett CDP,2126154.2750691143,7003204,30
Lemon Cove,Lemon Cove CDP,2269637.4457315262,3457953,66
Lenwood,Lenwood CDP,4874914.386875237,5389420,90
Leona Valley,Leona Valley CDP,28677478.487536106,48155344,60
Lewiston,Lewiston CDP,25384602.689812858,51843522,49
Lexington Hills,Lexington Hills CDP,9599085.769128423,12220701,79
Likely,Likely CDP,2200143.0177101605,3441973,64
Lincoln,Lincoln city,36561608.285831705,62599874,57.99999999999999
Linda,Linda CDP,13170.835187468996,22236546,0
Lindcove,Lindcove CDP,295045.8117338233,295046,100
Lindsay,Lindsay city,51543.362125122236,7055435,1
Litchfield,Litchfield CDP,3344183.667494197,10312458,32
Little Grass Valley,Little Grass Valley CDP,1530675.3154454255,25897822,6
Little River,Little River CDP,3036261.19469317,4331558,70
Little Valley,Little Valley CDP,367000.0568354717,1076095,34
Littlerock,Littlerock CDP,3260356.529710921,4772931,68
Live Oak,Live Oak CDP,7121845.335519604,8398178,85
Livermore,Livermore city,36438982.7642464,68494311,53
Lockeford,Lockeford CDP,57695.37892788878,21603060,0
Lockwood,Lockwood CDP,17786465.976761602,14082298,126
Lodi,Lodi city,93519.2576021099,35327014,0
Lodoga,Lodoga CDP,8516007.390166637,8772455,97
Loleta,Loleta CDP,3813631.9892093916,5500846,69
Loma Linda,Loma Linda city,10481946.456237104,19786632,53
Loma Mar,Loma Mar CDP,2015025.2094628287,4487609,45
Loma Rica,Loma Rica CDP,47843708.29067764,47881271,100
Lompico,Lompico CDP,6493375.905940417,8749690,74
Lompoc,Lompoc city,20182443.954251047,30103861,67
Lone Pine,Lone Pine CDP,17900986.970092747,49299705,36
Long Barn,Long Barn CDP,1934562.8946185703,7478480,26
Lookout,Lookout CDP,2446792.0247771177,14152115,17
Loomis,Loomis town,17966875.871619716,18820030,95
Los Alamos,Los Alamos CDP,2071796.0526515,2341055,88
Los Altos,Los Altos city,4878505.010661929,16938030,28.999999999999996
Los Altos Hills,Los Altos Hills town,18977702.64340562,23385699,81
Los Angeles,Los Angeles city,250644224.5672383,1215978552,21
Los Banos,Los Banos city,4791529.7103351485,25882590,19
Los Berros,Los Berros CDP,6416648.108149186,6507454,99
Los Gatos,Los Gatos town,18076637.093240768,29914395,60
Los Molinos,Los Molinos CDP,5245730.845262744,5637052,93
Los Olivos,Los Olivos CDP,6273802.74741734,6778819,93
Los Osos,Los Osos CDP,17721039.62406606,33057047,54
Los Ranchos,Los Ranchos CDP,7448656.666951057,7482152,100
Lower Lake,Lower Lake CDP,6836725.2605215,6906625,99
Loyalton,Loyalton city,886583.5902856662,920711,96
Loyola,Loyola CDP,2987883.7180733606,3600984,83
Lucas Valley-Marinwood,Lucas Valley-Marinwood CDP,4773171.61016422,14843405,32
Lucerne,Lucerne CDP,13410646.63488174,13916576,96
Lucerne Valley,Lucerne Valley CDP,89250378.99794269,273570981,33
Lytle Creek,Lytle Creek CDP,2636231.2945995345,15586138,17
Mabie,Mabie CDP,3275454.662940058,9430660,35
Macdoel,Macdoel CDP,419517.09489195276,432723,97
Mad River,Mad River CDP,12717593.426938208,91131300,14.000000000000002
Madeline,Madeline CDP,137115.53879179104,137117,100
Madera,Madera city,215578.27777526883,42668924,1
Madera Acres,Madera Acres CDP,2672218.841379376,18858998,14.000000000000002
Madera Ranchos,Madera Ranchos CDP,918340.8448883392,6747243,14.000000000000002
Magalia,Magalia CDP,24944347.233744636,36313238,69
Malibu,Malibu city,32806774.84727374,51403234,64
Mammoth Lakes,Mammoth Lakes town,14629282.78835421,64402450,23
Manchester,Manchester CDP,3653837.324122737,6780881,54
Manhattan Beach,Manhattan Beach city,12858.123583014843,10189493,0
Manila,Manila CDP,260333.8471787045,1805140,14.000000000000002
Manton,Manton CDP,4402066.126618963,45833424,10
March ARB,March ARB CDP,530637.6073537582,30879362,2
Maricopa,Maricopa city,1727921.2085333765,4054515,43
Marin City,Marin City CDP,1325799.7435227635,1390167,95
Marina,Marina city,5122552.370481588,23070824,22
Mariposa,Mariposa CDP,9828302.123241497,10455849,94
Markleeville,Markleeville CDP,4091392.8408622034,16914713,24
Martell,Martell CDP,1149408.798666525,5664199,20
Martinez,Martinez city,17490399.07557534,32712527,53
Mather,Mather CDP,8888573.535279697,25964878,34
McArthur,McArthur CDP,237964.52741547028,2593485,9
McClenney Tract,McClenney Tract CDP,919949.7848660573,1595077,57.99999999999999
McCloud,McCloud CDP,4104470.240619583,6273613,65
McGee Creek,McGee Creek CDP,451171.28595462587,10384180,4
McKinleyville,McKinleyville CDP,36982053.99573209,54083206,68
McKittrick,McKittrick CDP,858666.800227276,6778294,13
Mead Valley,Mead Valley CDP,38611069.59496089,49415773,78
Meadow Valley,Meadow Valley CDP,4933392.599853973,22066143,22
Meadow Vista,Meadow Vista CDP,13504380.400836384,13678314,99
Meadowbrook,Meadowbrook CDP,15606828.737852754,17396243,90
Mecca,Mecca CDP,5147465.283708618,18023371,28.999999999999996
Meiners Oaks,Meiners Oaks CDP,6264713.094229328,6315365,99
Mendocino,Mendocino CDP,4555826.707196273,5846594,78
Menifee,Menifee city,66032827.42918513,120369471,55.00000000000001
Menlo Park,Menlo Park city,5173407.911681741,25873981,20
Mentone,Mentone CDP,15218155.959807325,15826124,96
Merced,Merced city,4653104.397974089,60228129,8
Mesa,Mesa CDP,334076.6607005303,9072237,4
Mesa Verde,Mesa Verde CDP,4067100.6798417303,11139877,37
Mesa Vista,Mesa Vista CDP,7547117.587345057,12627546,60
Meyers,Meyers CDP,3999040.2567556114,6473356,62
Mi-Wuk Village,Mi-Wuk Village CDP,3317471.125995909,7343670,45
Middletown,Middletown CDP,4247958.4533789875,4776232,89
Midpines,Midpines CDP,10245126.223098872,11289069,91
Milford,Milford CDP,4609764.660673748,13705685,34
Mill Valley,Mill Valley city,9055159.915388292,12385974,73
Millbrae,Millbrae city,6750882.431301101,8465890,80
Millerton,Millerton CDP,3841371.1229465827,5077394,76
Millville,Millville CDP,12247921.421404028,20839153,59
Milpitas,Milpitas city,16681067.84728649,34919473,48
Mineral,Mineral CDP,7308928.145089657,114744267,6
Minkler,Minkler CDP,7646853.149305237,15166528,50
Mira Monte,Mira Monte CDP,12312894.788150512,12470598,99
Miranda,Miranda CDP,2684449.7006826666,3868285,69
Mission Canyon,Mission Canyon CDP,4401558.592354423,4662212,94
Mission Hills,Mission Hills CDP,2811987.329176945,3130522,90
Mission Viejo,Mission Viejo city,8614951.918364998,45737612,19
Modesto,Modesto city,61621.41141083702,111485793,0
Modjeska,Modjeska CDP,3488877.335820756,5189981,67
Mohawk Vista,Mohawk Vista CDP,2158804.630236134,30997962,7.000000000000001
Mojave,Mojave CDP,15741899.671376128,151185016,10
Mokelumne Hill,Mokelumne Hill CDP,6413814.44248923,7974096,80
Mono City,Mono City CDP,4192038.551476349,20298298,21
Mono Vista,Mono Vista CDP,7285491.771933553,7319287,100
Monrovia,Monrovia city,10306747.68209518,35306568,28.999999999999996
Montague,Montague city,3380602.0515073356,4604513,73
Montara,Montara CDP,8549140.02864466,10040503,85
Monte Rio,Monte Rio CDP,4815204.785206538,4934760,98
Monte Sereno,Monte Sereno city,2970857.8273018207,4227643,70
Montecito,Montecito CDP,20321819.10551719,23768259,85
Monterey,Monterey city,10878714.178383147,22390414,49
Montgomery Creek,Montgomery Creek CDP,3684431.8874629824,8424206,44
Moorpark,Moorpark city,21432538.44222349,31796168,67
Moraga,Moraga town,22919586.47293653,24504014,94
Moreno Valley,Moreno Valley city,70676669.84341559,132936988,53
Morgan Hill,Morgan Hill city,25464557.491615273,33509082,76
Morongo Valley,Morongo Valley CDP,31050715.12072428,65317007,48
Morro Bay,Morro Bay city,6593028.88512168,13796052,48
Moskowite Corner,Moskowite Corner CDP,3768210.40295338,7338786,51
Moss Beach,Moss Beach CDP,3884825.118475835,5815200,67
Moss Landing,Moss Landing CDP,700221.1665250917,1029920,68
Mount Hebron,Mount Hebron CDP,1903004.5480639013,1922181,99
Mount Hermon,Mount Hermon CDP,1676772.5319832326,1683560,100
Mount Laguna,Mount Laguna CDP,2505289.741756397,4395332,56.99999999999999
Mount Shasta,Mount Shasta city,6585977.948015327,9754373,68
Mountain Center,Mountain Center CDP,1856219.9297471123,4880669,38
Mountain Gate,Mountain Gate CDP,5004009.332654221,5115620,98
Mountain House,Mountain House CDP,6706803.411810763,11804529,56.99999999999999
Mountain Meadows,Mountain Meadows CDP,5305863.002597682,10651128,50
Mountain Mesa,Mountain Mesa CDP,1982642.331347029,2246361,88
Mountain Ranch,Mountain Ranch CDP,8689920.243881255,10127780,86
Mountain View,Mountain View CDP,686018.1788047921,743924,92
Mountain View Acres,Mountain View Acres CDP,778229.8464998124,4114534,19
Mt. Bullion,Mt. Bullion CDP,902418.4921712432,1580000,56.99999999999999
Muir Beach,Muir Beach CDP,546745.067455487,1276408,43
Murphys,Murphys CDP,10853896.609620024,10955540,99
Murrieta,Murrieta city,62621289.54464569,87054765,72
Muscoy,Muscoy CDP,7759765.48989618,7876493,99
Myers Flat,Myers Flat CDP,668471.2775582774,1119279,60
Myrtletown,Myrtletown CDP,4323568.241074939,5436579,80
Napa,Napa city,28542441.89550249,46740284,61
Needles,Needles city,14011156.49826261,79196616,18
Nevada City,Nevada City city,4994052.722684542,5661517,88
New Cuyama,New Cuyama CDP,1499002.9968110146,1637550,92
New Pine Creek,New Pine Creek CDP,2573246.31209549,5870148,44
Newcastle,Newcastle CDP,5806428.309102546,6194986,94
Newell,Newell CDP,570186.7828348711,6233913,9
Newman,Newman city,1484841.0515548873,5342856,28.000000000000004
Newport Beach,Newport Beach city,15993325.056086939,61626136,26
Nicasio,Nicasio CDP,828582.0069191828,3379839,25
Nice,Nice CDP,4348107.34062835,4472124,97
Nipinnawasee,Nipinnawasee CDP,7916805.2293837285,7990118,99
Nipomo,Nipomo CDP,20671664.81379181,39044101,53
Norco,Norco city,22781138.30455465,35887653,63
Norris Canyon,Norris Canyon CDP,7685859.7351803,9350215,82
North Auburn,North Auburn CDP,16416288.448996779,20171681,81
North Edwards,North Edwards CDP,3721627.204315475,33012003,11
North Fork,North Fork CDP,60007075.564315245,83490248,72
North Gate,North Gate CDP,1709547.0164519735,1904534,90
North Lakeport,North Lakeport CDP,9730112.79995655,9832064,99
North San Juan,North San Juan CDP,4278986.2324318625,6275144,68
North Shore,North Shore CDP,7405542.904920056,28952350,26
North Tustin,North Tustin CDP,1815495.3869229308,17044528,11
Novato,Novato city,35474228.092864305,71159604,50
Nubieber,Nubieber CDP,598301.8096288495,1939993,31
Nuevo,Nuevo CDP,16275393.486119917,17538033,93
Oak Glen,Oak Glen CDP,2677150.9253200046,38839776,7.000000000000001
Oak Hills,Oak Hills CDP,52942610.043118276,63496967,83
Oak Park,Oak Park CDP,5254372.81379781,13713403,38
Oak Run,Oak Run CDP,3699487.58848976,7803833,47
Oak Shores,Oak Shores CDP,6057383.047783095,13178331,46
Oak View,Oak View CDP,8598800.954422245,8822791,97
Oakhurst,Oakhurst CDP,55662752.247667216,86634988,64
Oakland,Oakland city,39006557.92962839,144861286,27
Oakville,Oakville CDP,967775.8115765004,3522356,27
Oasis,Oasis CDP,10763332.545866951,50832299,21
Occidental,Occidental CDP,12852397.766340513,12862112,100
Oceano,Oceano CDP,3334511.9352264395,3979427,84
Oceanside,Oceanside city,51628602.02957942,106889690,48
Oildale,Oildale CDP,2401467.6011821846,20484547,12
Ojai,Ojai city,8984844.657041088,11281691,80
Olancha,Olancha CDP,2715087.8140455727,20311991,13
Old Station,Old Station CDP,729160.3450340922,5749143,13
Ono,Ono CDP,2165914.7970892284,4931419,44
Ontario,Ontario city,3948.0818714214424,129425158,0
Onyx,Onyx CDP,6818166.9576034965,29658338,23
Orange,Orange city,12273100.474031962,66478667,18
Orange Blossom,Orange Blossom CDP,7340923.399881995,9892153,74
Orange Cove,Orange Cove city,43950.86915390739,4640753,1
Orangevale,Orangevale CDP,718671.8391711826,29657948,2
Orcutt,Orcutt CDP,20895004.638111275,28030109,75
Orick,Orick CDP,4983403.333547577,12290818,41
Orinda,Orinda city,29005765.575589422,33285592,87
Oroville,Oroville city,18975086.31810941,35830540,53
Oroville East,Oroville East CDP,49521471.82908205,55935091,89
Pacifica,Pacifica city,14808779.125311814,32589429,45
Pajaro,Pajaro CDP,1363833.874941764,2400620,56.99999999999999
Pajaro Dunes,Pajaro Dunes CDP,2647.2866540123073,6640875,0
Pala,Pala CDP,7688977.97838603,14604078,53
Palermo,Palermo CDP,58207492.052631326,75529077,77
Palm Desert,Palm Desert city,19641116.232112113,69443541,28.000000000000004
Palm Springs,Palm Springs city,35184479.10382168,244875470,14.000000000000002
Palmdale,Palmdale city,80357145.75288638,274705334,28.999999999999996
Palo Alto,Palo Alto city,7554068.418112382,62408630,12
Palo Cedro,Palo Cedro CDP,21020901.60075548,21184711,99
Palo Verde,Palo Verde CDP,445328.8104572661,1502113,30
Panorama Heights,Panorama Heights CDP,648721.0598546528,1230480,53
Paradise,Paradise CDP,597040.682417585,11271636,5
Paradise,Paradise town,44728397.21176223,47439306,94
Paradise Park,Paradise Park CDP,597584.2643306395,720542,83
Pasadena,Pasadena city,9094159.34777211,59470461,15
Pasatiempo,Pasatiempo CDP,2282673.370959319,2305899,99
Paskenta,Paskenta CDP,1734678.8044799357,2799215,62
Patterson,Patterson city,1397893.0964540301,20167365,7.000000000000001
Patton Village,Patton Village CDP,6805207.102568389,9040567,75
Paxton,Paxton CDP,221151.6767895735,863831,26
Paynes Creek,Paynes Creek CDP,169830.14906417383,8887673,2
Pearsonville,Pearsonville CDP,744327.0409209429,10648134,7.000000000000001
Penn Valley,Penn Valley CDP,5494644.925489243,5494646,100
Penngrove,Penngrove CDP,10334069.032586217,10446983,99
Penryn,Penryn CDP,4723269.860190726,4928719,96
Pepperdine University,Pepperdine University CDP,955316.2489277048,1393957,69
Perris,Perris city,29654801.052664943,81672650,36
Pescadero,Pescadero CDP,7728341.025103968,10426487,74
Petaluma,Petaluma city,24417987.11336096,37333943,65
Petaluma Center,Petaluma Center CDP,910338.4952920695,3038425,30
Peters,Peters CDP,1492832.4100018416,6542371,23
Phelan,Phelan CDP,115430838.38953674,155638217,74
Phillipsville,Phillipsville CDP,1197872.4375500577,1850731,65
Philo,Philo CDP,4440670.617253116,5353556,83
Phoenix Lake,Phoenix Lake CDP,28073112.703493997,28679791,98
Pico Rivera,Pico Rivera city,975228.0896602499,21536859,5
Piedmont,Piedmont city,1688017.526975959,4402397,38
Pierpoint,Pierpoint CDP,525987.3726631742,1056404,50
Pike,Pike CDP,7530161.071474804,11194524,67
Pine Canyon,Pine Canyon CDP,8206872.665852259,8639261,95
Pine Flat,Pine Flat CDP,2357549.305798245,2588599,91
Pine Grove,Pine Grove CDP,17840460.66984771,19383669,92
Pine Hills,Pine Hills CDP,14199327.742613344,26200979,54
Pine Mountain Club,Pine Mountain Club CDP,14174729.090002302,43647394,32
Pine Mountain Lake,Pine Mountain Lake CDP,23831653.219472803,49108026,49
Pine Valley,Pine Valley CDP,4280825.577717479,18555854,23
Pinole,Pinole city,7297137.202053726,13218372,55.00000000000001
Pioneer,Pioneer CDP,8141530.180533168,10199669,80
Piru,Piru CDP,6851154.257399321,8233997,83
Pismo Beach,Pismo Beach city,6829296.150946602,9057590,75
Pittsburg,Pittsburg city,28962583.293511245,45780276,63
Pixley,Pixley CDP,49039.898843821495,13597489,0
Pi単on Hills,Pi単on Hills CDP,69605616.9379308,83177827,84
Placentia,Placentia city,199045.421634313,17124978,1
Placerville,Placerville city,13370604.252361005,15126090,88
Platina,Platina CDP,375150.46177916124,5357433,7.000000000000001
Pleasant Hill,Pleasant Hill city,6494648.251134566,18324535,35
Pleasanton,Pleasanton city,41202745.55333549,62524282,66
Plumas Eureka,Plumas Eureka CDP,3276354.928002723,10294401,32
Plymouth,Plymouth city,4340464.831471074,6860201,63
Point Arena,Point Arena city,3353458.6681456105,3534168,95
Point Reyes Station,Point Reyes Station CDP,6425512.340063929,9364185,69
Pollock Pines,Pollock Pines CDP,20798320.85541753,22335059,93
Pomona,Pomona city,13625916.153720746,59530485,23
Ponderosa,Ponderosa CDP,1116178.4258799714,2099863,53
Port Costa,Port Costa CDP,406382.15320137405,409759,99
Porterville,Porterville city,16162038.941418286,48294868,33
Portola,Portola city,5233230.57499089,14003433,37
Portola Valley,Portola Valley town,17041557.663097855,23524913,72
Posey,Posey CDP,757917.7879580051,924093,82
Poso Park,Poso Park CDP,85956.03997755851,112854,76
Post Mountain,Post Mountain CDP,12990125.56055828,32146965,40
Potrero,Potrero CDP,7691471.467023022,8157788,94
Potter Valley,Potter Valley CDP,10424994.214143988,10430292,100
Poway,Poway city,57821888.242565885,101210495,56.99999999999999
Prattville,Prattville CDP,354535.8757826735,1561232,23
Proberta,Proberta CDP,459957.02272261505,3707383,12
Prunedale,Prunedale CDP,75764924.87218715,119299815,64
Quartz Hill,Quartz Hill CDP,3485679.5698106517,9743175,36
Quincy,Quincy CDP,5656574.493498282,10939488,52
Rackerby,Rackerby CDP,7650377.261842847,7650377,100
Rail Road Flat,Rail Road Flat CDP,17630291.712848492,23510266,75
Rainbow,Rainbow CDP,25085519.023854107,28600970,88
Ramona,Ramona CDP,85644790.099496,99548576,86
Rancho Calaveras,Rancho Calaveras CDP,21690222.248089,21707375,100
Rancho Cordova,Rancho Cordova city,17764242.347619656,89533866,20
Rancho Cucamonga,Rancho Cucamonga city,25686739.433835283,103885614,25
Rancho Mirage,Rancho Mirage city,21046958.789394338,65663784,32
Rancho Mission Viejo,Rancho Mission Viejo CDP,14285278.90518377,97918365,15
Rancho Murieta,Rancho Murieta CDP,23418045.54573171,30776825,76
Rancho San Diego,Rancho San Diego CDP,17822082.665657558,22523642,79
Rancho Santa Fe,Rancho Santa Fe CDP,4216884.591382076,17384981,24
Rancho Santa Margarita,Rancho Santa Margarita city,16454055.268829007,33399722,49
Rancho Tehama Reserve,Rancho Tehama Reserve CDP,17042486.84649809,30267928,56.00000000000001
Randsburg,Randsburg CDP,2542372.6918886043,4935915,52
Red Bluff,Red Bluff city,11239049.10659355,19582197,56.99999999999999
Red Corral,Red Corral CDP,13158149.378000045,16324174,81
Redcrest,Redcrest CDP,837724.325706454,1549190,54
Redding,Redding city,90031514.71341863,154482290,57.99999999999999
Redlands,Redlands city,47774281.539518766,93218621,51
Redway,Redway CDP,1512786.1951122906,3239490,47
Redwood City,Redwood City city,1608284.9992552984,50080819,3
Redwood Valley,Redwood Valley CDP,7084808.415280446,7112072,100
Reliez Valley,Reliez Valley CDP,5003792.68976948,6112920,82
Rialto,Rialto city,17572300.871426865,62393481,28.000000000000004
Richfield,Richfield CDP,1399782.378718338,1417240,99
Richmond,Richmond city,16807389.176841117,77840004,22
Ridgecrest,Ridgecrest city,22120008.758167554,54029088,41
Ridgecrest Heights,Ridgecrest Heights CDP,1374565.441207062,1564204,88
Ridgemark,Ridgemark CDP,6648053.081623986,6656246,100
Rio Dell,Rio Dell city,4049263.7695322037,5907972,69
Rio Linda,Rio Linda CDP,242004.82261118153,25710392,1
Rio Vista,Rio Vista city,3527699.9935069745,17094324,21
Rio del Mar,Rio del Mar CDP,7155749.529551961,7770134,92
River Pines,River Pines CDP,522415.4953493185,524419,100
Rivergrove,Rivergrove CDP,1667532.895522994,1703927,98
Riverside,Riverside city,83053159.88190289,210387809,39
Robinson Mill,Robinson Mill CDP,3116443.8783045495,3411263,91
Rocklin,Rocklin city,36866044.27879663,51307151,72
Rodeo,Rodeo CDP,5773858.400090583,9741095,59
Rohnert Park,Rohnert Park city,11354464.966242876,18870233,60
Rolling Hills,Rolling Hills CDP,1294931.382264662,1555414,83
Rollingwood,Rollingwood CDP,437613.45697007724,447766,98
Romoland,Romoland CDP,5400066.584795822,6848698,79
Rosamond,Rosamond CDP,43987653.80248982,134992549,33
Rose Hills,Rose Hills CDP,1128790.4095969992,1128791,100
Rosedale,Rosedale CDP,1126662.5999377058,75813312,1
Rosemont,Rosemont CDP,3821565.4516259036,11361196,34
Roseville,Roseville city,16913970.92385107,114162282,15
Ross,Ross town,3751083.2281517335,4036002,93
Rough and Ready,Rough and Ready CDP,7621924.900843699,8217852,93
Round Mountain,Round Mountain CDP,2609365.629410789,4342857,60
Round Valley,Round Valley CDP,2608317.815189425,36227887,7.000000000000001
Rowland Heights,Rowland Heights CDP,29002573.537888262,33868441,86
Rumsey,Rumsey CDP,2680160.8543243194,6338948,42
Running Springs,Running Springs CDP,7095356.018824954,10888685,65
Ruth,Ruth CDP,11312013.688688172,100658842,11
Rutherford,Rutherford CDP,3076940.03611781,4350420,71
Sacramento,Sacramento city,777615.0251740547,255399993,0
Sage,Sage CDP,68677581.45562348,176799322,39
Salinas,Salinas city,2445861.7137542223,60903234,4
Salmon Creek,Salmon Creek CDP,2885758.129882255,2885757,100
Salton City,Salton City CDP,4041834.0456025125,55521880,7.000000000000001
Salton Sea Beach,Salton Sea Beach CDP,749926.9402585593,780215,96
Salyer,Salyer CDP,7357875.143339763,13662482,54
San Andreas,San Andreas CDP,16539436.911206216,21730446,76
San Anselmo,San Anselmo town,6034180.155746237,6928816,87
San Antonio Heights,San Antonio Heights CDP,5565769.779015094,6334954,88
San Ardo,San Ardo CDP,668004.2367618375,1163657,56.99999999999999
San Bernardino,San Bernardino city,50682781.98361951,160920195,31
San Bruno,San Bruno city,9081377.216655387,14215362,64
San Buenaventura (Ventura),San Buenaventura (Ventura) city,32866751.00605043,56681176,57.99999999999999
San Carlos,San Carlos city,4025671.8188124625,14016664,28.999999999999996
San Clemente,San Clemente city,35764833.240458,47542789,75
San Diego,San Diego city,196647231.66842473,844036546,23
San Diego Country Estates,San Diego Country Estates CDP,29924222.36931915,43471183,69
San Dimas,San Dimas city,7307068.359247289,38933497,19
San Fernando,San Fernando city,1346212.5002599051,6149607,22
San Francisco,San Francisco city,6708601.894867526,121507089,6
San Geronimo,San Geronimo CDP,1630524.7227358648,3906938,42
San Jacinto,San Jacinto city,22969698.015668314,67229022,34
San Jose,San Jose city,109833894.61511604,461691712,24
San Juan Bautista,San Juan Bautista city,1934362.2160387137,2032272,95
San Juan Capistrano,San Juan Capistrano city,19471409.44659077,37374655,52
San Leandro,San Leandro city,5553420.288880413,34505967,16
San Lucas,San Lucas CDP,663629.5148204106,1020818,65
San Luis Obispo,San Luis Obispo city,23169008.5261671,34458922,67
San Marcos,San Marcos city,30409848.665636625,63078630,48
San Martin,San Martin CDP,27955336.72207147,30043758,93
San Mateo,San Mateo city,1248972.2498469206,31426840,4
San Miguel,San Miguel CDP,5367992.538492643,4350219,123
San Pablo,San Pablo city,2607373.1349393474,6797163,38
San Rafael,San Rafael city,23760375.717373114,42960192,55.00000000000001
San Ramon,San Ramon city,40522510.010726325,48392897,84
San Simeon,San Simeon CDP,2006552.046697192,2063264,97
Sand City,Sand City city,158097.5601826514,1416996,11
Santa Barbara,Santa Barbara city,18923666.262475193,50523520,37
Santa Clarita,Santa Clarita city,136467085.96430072,183249692,74
Santa Cruz,Santa Cruz city,19528249.71263226,32996599,59
Santa Margarita,Santa Margarita CDP,1292543.7852447054,1340019,96
Santa Maria,Santa Maria city,12052727.55688261,59078451,20
Santa Monica,Santa Monica city,2670393.182684673,21782142,12
Santa Nella,Santa Nella CDP,5798523.71248353,12128897,48
Santa Paula,Santa Paula city,12571492.774605896,14323012,88
Santa Rosa,Santa Rosa city,52721453.14640026,110145874,48
Santa Rosa Valley,Santa Rosa Valley CDP,15137789.444124414,18685063,81
Santa Susana,Santa Susana CDP,3099821.4539097273,3250193,95
Santa Venetia,Santa Venetia CDP,3435351.7653339365,9489702,36
Santa Ynez,Santa Ynez CDP,11666570.544739937,12510425,93
Santee,Santee city,29784699.572856978,42831662,70
Saranap,Saranap CDP,1421989.927391331,2939536,48
Saratoga,Saratoga city,22647981.856716212,33098915,68
Saticoy,Saticoy CDP,545076.2744538804,968248,56.00000000000001
Sattley,Sattley CDP,674568.6348592562,5302767,13
Sausalito,Sausalito city,3281317.6790643027,4568773,72
Scotia,Scotia CDP,617088.667553833,1932251,32
Scotts Valley,Scotts Valley city,10845156.950180015,11961717,91
Sea Ranch,Sea Ranch CDP,38378926.625451766,41742090,92
Seacliff,Seacliff CDP,1198118.478670779,1890210,63
Searles Valley,Searles Valley CDP,7475821.421536544,27186893,27
Seaside,Seaside city,12645614.936407613,23111409,55.00000000000001
Sebastopol,Sebastopol city,3631649.387993969,4874901,74
Sequoia Crest,Sequoia Crest CDP,2441827.4545152932,2646709,92
Sereno del Mar,Sereno del Mar CDP,1821434.3813511026,1909750,95
Seville,Seville CDP,576497.3933104166,712368,81
Shandon,Shandon CDP,6729803.730215245,7639224,88
Shasta,Shasta CDP,14970610.071258698,28325227,53
Shasta Lake,Shasta Lake city,22947780.169556722,28290264,81
Shaver Lake,Shaver Lake CDP,46051210.75457247,83623481,55.00000000000001
Shell Ridge,Shell Ridge CDP,1114549.676133423,1114550,100
Shelter Cove,Shelter Cove CDP,10924188.146875499,15098010,72
Sheridan,Sheridan CDP,13428271.020412441,66129143,20
Shingle Springs,Shingle Springs CDP,20502201.420970935,21235230,97
Shingletown,Shingletown CDP,35939469.188104786,63570619,56.99999999999999
Shoshone,Shoshone CDP,68997.35039064035,74361294,0
Sierra Brooks,Sierra Brooks CDP,1471960.0344456444,3549115,41
Sierra City,Sierra City CDP,2889848.767464197,5569937,52
Sierra Madre,Sierra Madre city,6032408.901532136,7643251,79
Sierra Village,Sierra Village CDP,4261681.231570995,6661587,64
Sierraville,Sierraville CDP,3049054.316869102,13002077,23
Silver City,Silver City CDP,302351.4171340626,302352,100
Silver Lakes,Silver Lakes CDP,7513642.674469835,13560375,55.00000000000001
Silverado,Silverado CDP,8001130.396463764,14812702,54
Silverado Resort,Silverado Resort CDP,4896980.952149827,4896980,100
Simi Valley,Simi Valley city,85923865.12241925,107601139,80
Sisquoc,Sisquoc CDP,171933.29354042525,5775123,3
Sky Valley,Sky Valley CDP,19388517.990913223,62985642,31
Sleepy Hollow,Sleepy Hollow CDP,6350742.6188002275,7680833,83
Smartsville,Smartsville CDP,1746203.524558438,1856958,94
Smith River,Smith River CDP,4564643.955667512,11461740,40
Snelling,Snelling CDP,1393283.0877293197,1399517,100
Soda Bay,Soda Bay CDP,3014040.400166258,3327990,91
Soda Springs,Soda Springs CDP,773395.4977946507,872163,89
Soledad,Soledad city,4745980.885640671,11551909,41
Solvang,Solvang city,5514000.353324329,6281307,88
Sonoma,Sonoma city,6149007.941062446,7105863,87
Sonoma State University,Sonoma State University CDP,273256.0755657917,1081020,25
Sonora,Sonora city,7190705.885146352,8190966,88
Soquel,Soquel CDP,10916089.079936557,11905335,92
Soulsbyville,Soulsbyville CDP,6823262.109522813,7796211,88
South El Monte,South El Monte city,173814.06559396136,7364933,2
South Lake Tahoe,South Lake Tahoe city,20384715.628395736,26387187,77
South Oroville,South Oroville CDP,6214463.538243608,6881705,90
South San Francisco,South San Francisco city,15281184.01588143,23835620,64
South Taft,South Taft CDP,2768871.1364897876,2786790,99
South Whittier,South Whittier CDP,459724.21364131925,13824727,3
Spaulding,Spaulding CDP,4631039.041921856,8621924,54
Spreckels,Spreckels CDP,299077.46802213136,316377,95
Spring Garden,Spring Garden CDP,371619.2497554557,1692573,22
Spring Valley,Spring Valley CDP,16057825.101235585,12780930,126
Spring Valley Lake,Spring Valley Lake CDP,4708459.535506698,7833090,60
Springville,Springville CDP,3906345.939384537,3933608,99
Squaw Valley,Squaw Valley CDP,80665883.9701559,164758384,49
Squirrel Mountain Valley,Squirrel Mountain Valley CDP,4663886.654112287,4663884,100
St. Helena,St. Helena city,11272529.35155434,12832970,88
Stallion Springs,Stallion Springs CDP,28364157.549432907,35163160,81
Stanford,Stanford CDP,4415364.496775105,7123691,62
Stevenson Ranch,Stevenson Ranch CDP,14834773.874245113,16607591,89
Stevinson,Stevinson CDP,486587.102166784,2927390,17
Stinson Beach,Stinson Beach CDP,1495852.4676830454,2311064,65
Stirling City,Stirling City CDP,3048649.2773258924,3048650,100
Stockton,Stockton city,512178.50996318983,161115474,0
Stones Landing,Stones Landing CDP,2358882.2446702304,5494204,43
Stonyford,Stonyford CDP,2606886.993699298,3636119,72
Strathmore,Strathmore CDP,89655.65016752138,3655054,2
Strawberry,Strawberry CDP,2818752.7525754096,1350627,209
Sugarloaf Saw Mill,Sugarloaf Saw Mill CDP,163205.01180325384,252263,65
Sugarloaf Village,Sugarloaf Village CDP,121457.26406669326,173648,70
Suisun City,Suisun City city,8567344.442375999,10373861,83
Summerland,Summerland CDP,3249462.077778063,3618069,90
Sun Village,Sun Village CDP,21740174.401092626,27981975,78
Sunny Slopes,Sunny Slopes CDP,1331213.741252546,4879001,27
Sunnyside-Tahoe City,Sunnyside-Tahoe City CDP,5715128.782402923,9016274,63
Sunnyvale,Sunnyvale city,143937.6734946018,57135716,0
Sunol,Sunol CDP,5466827.449976587,73192610,7.000000000000001
Susanville,Susanville city,8536663.149683548,20507839,42
Sutter,Sutter CDP,3847898.7548636575,7835375,49
Sutter Creek,Sutter Creek city,3874837.4671242554,6988164,55.00000000000001
Swall Meadows,Swall Meadows CDP,3448975.595678885,11555635,30
Taft,Taft city,5482947.118485323,39552120,14.000000000000002
Taft Heights,Taft Heights CDP,761090.2973658507,766308,99
Tahoe Vista,Tahoe Vista CDP,5214084.385848703,7033550,74
Tahoma,Tahoma CDP,4285748.70100196,6717203,64
Talmage,Talmage CDP,3277194.2293371893,4117638,80
Tamalpais-Homestead Valley,Tamalpais-Homestead Valley CDP,6322277.712265496,12135246,52
Tancred,Tancred CDP,571024.9634546796,4172360,14.000000000000002
Taylorsville,Taylorsville CDP,2182945.6212369762,8409829,26
Tecopa,Tecopa CDP,1027178.2675222129,48145645,2
Tehachapi,Tehachapi city,14611992.666758709,26563140,55.00000000000001
Tehama,Tehama city,24943.047446831777,2057210,1
Temecula,Temecula city,41771051.569644004,96522049,43
Temelec,Temelec CDP,2862948.2695644586,4112404,70
Temescal Valley,Temescal Valley CDP,29719197.68675058,50094238,59
Templeton,Templeton CDP,15977184.37578994,20484545,78
Tennant,Tennant CDP,837256.8714727415,878560,95
Terra Bella,Terra Bella CDP,584782.905008914,5668356,10
Teviston,Teviston CDP,167183.3198137571,5657720,3
Thermal,Thermal CDP,168997.3956392663,24303229,1
Thermalito,Thermalito CDP,15765336.096907835,32965416,48
Thousand Oaks,Thousand Oaks city,83158738.8167254,143114080,57.99999999999999
Three Rivers,Three Rivers CDP,58302338.3222622,80245468,73
Tiburon,Tiburon town,84845.85883461041,11603822,1
Timber Cove,Timber Cove CDP,9988505.672486806,14637533,68
Tobin,Tobin CDP,136529.72095912186,13367665,1
Tomales,Tomales CDP,859286.2748079571,859286,100
Tonyville,Tonyville CDP,130782.95859808255,130784,100
Tooleville,Tooleville CDP,172928.16591761427,172928,100
Topanga,Topanga CDP,29958740.479606804,49538336,60
Topaz,Topaz CDP,5943188.465528485,31537286,19
Toro Canyon,Toro Canyon CDP,11699681.956613258,24312959,48
Trabuco Canyon,Trabuco Canyon CDP,16205718.523918793,18861606,86
Tracy,Tracy city,6688226.18811553,67052560,10
Tres Pinos,Tres Pinos CDP,4394818.03108187,9327895,47
Trinidad,Trinidad city,800246.2859646243,1255850,64
Trinity Center,Trinity Center CDP,4571772.803660578,13547616,34
Trinity Village,Trinity Village CDP,3452745.810948098,10394620,33
Trona,Trona CDP,116550.63875164306,24076929,0
Truckee,Truckee town,59244380.42298387,83740315,71
Tuolumne City,Tuolumne City CDP,5698350.729421622,6101298,93
Tupman,Tupman CDP,1367277.4636578169,1367277,100
Turlock,Turlock city,20928.720377781898,43783169,0
Tustin,Tustin city,538046.9767395335,28906972,2
Tuttletown,Tuttletown CDP,16074619.54190997,19038413,84
Twain,Twain CDP,844837.6034668406,18622693,5
Twain Harte,Twain Harte CDP,9314937.724260874,9579417,97
Twentynine Palms,Twentynine Palms city,47404868.76646215,152157672,31
Twin Lakes,Twin Lakes CDP,3216392.3232309544,10798571,30
Ukiah,Ukiah city,9843817.408496104,12390978,79
Union City,Union City city,10466773.589455808,49682931,21
University of California-Santa Barbara,University of California-Santa Barbara CDP,254598.03715430273,3363537,8
Upland,Upland city,6472923.50803451,40363418,16
Upper Lake,Upper Lake CDP,4396455.657023505,4439947,99
Vacaville,Vacaville city,28761612.024512503,77363273,37
Val Verde,Val Verde CDP,4628533.085040842,6644174,70
Valle Vista,Valle Vista CDP,16154011.316540996,17771963,91
Vallecito,Vallecito CDP,5069767.159470166,5406010,94
Vallejo,Vallejo city,32929120.52209801,78788150,42
Valley Acres,Valley Acres CDP,4445018.386510708,10677289,42
Valley Center,Valley Center CDP,62757647.01659806,71083460,88
Valley Ford,Valley Ford CDP,765672.4632144098,6842484,11
Valley Ranch,Valley Ranch CDP,2421973.334115802,2945415,82
Valley Springs,Valley Springs CDP,9069431.817057941,10344077,88
Vandenberg AFB,Vandenberg AFB CDP,9919023.058203269,57997811,17
Vandenberg Village,Vandenberg Village CDP,12366963.671078704,13649867,91
Verdi,Verdi CDP,1891613.5982036148,10808119,18
Victorville,Victorville city,74846808.47039548,190908178,39
Villa Park,Villa Park city,1853866.3335064563,5380384,34
Vina,Vina CDP,981144.2759022882,3501362,28.000000000000004
Vine Hill,Vine Hill CDP,1174339.3011984346,3890261,30
Vineyard,Vineyard CDP,39783827.44331135,48558204,82
Virginia Lakes,Virginia Lakes CDP,658748.6155860334,3741522,18
Vista,Vista city,15329183.148575306,48556164,32
Vista Santa Rosa,Vista Santa Rosa CDP,2869183.7528897356,41629806,7.000000000000001
Volcano,Volcano CDP,3565579.474049686,3626954,98
Volta,Volta CDP,2158749.180391956,11318388,19
Walker,Walker CDP,13752116.126077296,31473072,44
Wallace,Wallace CDP,3918802.8657674827,11114771,35
Walnut,Walnut city,1381779.600315822,23281857,6
Walnut Creek,Walnut Creek city,29076968.66016531,51179061,56.99999999999999
Warm Springs,Warm Springs CDP,3211917.1128117135,3661985,88
Warner Valley,Warner Valley CDP,5373212.91737697,45059297,12
Washington,Washington CDP,1624241.496026775,4922969,33
Watsonville,Watsonville city,2605552.509130364,17370216,15
Wautec,Wautec CDP,352822.46662702295,5973832,6
Wawona,Wawona CDP,2555207.2704112795,2786953,92
Weaverville,Weaverville CDP,20525268.840067666,33363065,62
Weed,Weed city,6618983.552998862,12479111,53
Weitchpec,Weitchpec CDP,3567508.951034167,9919744,36
Weldon,Weldon CDP,24756489.43721477,69057891,36
Weott,Weott CDP,877329.4356247413,1946274,45
West Bishop,West Bishop CDP,5319250.4923876375,22684470,23
West Covina,West Covina city,2854517.0802934254,41535627,7.000000000000001
West Menlo Park,West Menlo Park CDP,1250286.9278968507,1256177,100
West Point,West Point CDP,6964724.293553988,7677757,91
West Sacramento,West Sacramento city,29066.649658431852,55606617,0
West Whittier-Los Nietos,West Whittier-Los Nietos CDP,1105282.186656014,6527742,17
Westhaven-Moonstone,Westhaven-Moonstone CDP,17283274.907251213,20963594,82
Westlake Village,Westlake Village city,7184189.596681574,13434930,53
Westwood,Westwood CDP,4466333.9292662535,14392892,31
Wheatland,Wheatland city,175351.27230313275,21035375,1
Whitehawk,Whitehawk CDP,3778661.9525336972,6693778,56.00000000000001
Whitewater,Whitewater CDP,4411580.059025716,25581193,17
Whitley Gardens,Whitley Gardens CDP,1846650.019720654,3396918,54
Whitmore,Whitmore CDP,7087048.235116697,16909590,42
Whittier,Whittier city,23322323.546438124,37939345,61
Wildomar,Wildomar city,51159624.85711409,61393217,83
Wilkerson,Wilkerson CDP,7203301.049241423,14833037,49
Williams Canyon,Williams Canyon CDP,1414649.719243809,1465500,97
Willits,Willits city,5489665.614467037,7296486,75
Willow Creek,Willow Creek CDP,14367551.332703987,78501415,18
Wilsonia,Wilsonia CDP,683092.7923232418,705824,97
Wilton,Wilton CDP,59475320.634410396,75115869,79
Winchester,Winchester CDP,19168951.417570945,20745739,92
Windsor,Windsor town,11696102.548731014,19260063,61
Winter Gardens,Winter Gardens CDP,1528079.198365269,11447561,13
Winters,Winters city,3478762.60074173,7601165,46
Winton,Winton CDP,36049.080767092724,7875727,0
Wofford Heights,Wofford Heights CDP,10713118.385074148,16579394,65
Woodacre,Woodacre CDP,2758489.625143236,4653150,59
Woodcrest,Woodcrest CDP,9030036.110714778,29461909,31
Woodlake,Woodlake city,4601730.941102183,6770314,68
Woodlands,Woodlands CDP,2235552.681404362,4279720,52
Woodside,Woodside town,24097084.901590776,29697449,81
Woody,Woody CDP,2818424.7988248058,10453539,27
Wrightwood,Wrightwood CDP,9690033.499828415,15414197,63
Yankee Hill,Yankee Hill CDP,6108280.8214979805,15609188,39
Yermo,Yermo CDP,1557429.829436248,1680240,93
Yettem,Yettem CDP,104446.9288880235,284865,37
Yorba Linda,Yorba Linda city,29281857.625716433,51679911,56.99999999999999
Yosemite Lakes,Yosemite Lakes CDP,48422084.09073065,54136050,89
Yosemite Valley,Yosemite Valley CDP,1781179.8298450147,5330276,33
Yosemite West,Yosemite West CDP,703032.9045500578,708714,99
Yountville,Yountville city,796398.8395526573,3852452,21
Yreka,Yreka city,19600605.36557405,25861889,76
Yucaipa,Yucaipa city,52963647.26711846,73216674,72
Yucca Valley,Yucca Valley town,74902143.18108667,103161847,73
Zayante,Zayante CDP,5104234.684037955,7308969,70
